{"task_id": "b4b87d11-9ae3-4c26-963e-d8ee0e7a9f81", "method": "run_train", "success": true, "task_info": {}, "resources": {"node_count": 1, "cpu_processes": 1, "cpu_threads": 1}, "failure_info": null, "worker_info": {"hostname": "x3003c0s31b0n0", "PARSL_WORKER_POOL_ID": "c9d1f77b0787", "PARSL_WORKER_RANK": "0"}, "message_sizes": {"inputs": 1819, "value": 799}, "timestamp": {"created": 1710880837.494819, "input_received": 1710880837.495333, "compute_started": 1710880837.510531, "compute_ended": 1710880873.692627, "result_sent": 1710880873.704942, "result_received": 1710880873.705612, "start_task_submission": 1710880837.495402, "task_received": 1710880873.704918}, "time": {"running": 36.18190620499081, "serialize_inputs": 9.032999514602125e-05, "deserialize_inputs": 0.00011986400932073593, "serialize_results": 0.000251600009505637, "deserialize_results": 6.7686996771954e-05, "async_resolve_proxies": 8.37599509395659e-06, "proxy": {}, "additional": {}}, "serialization_method": "pickle", "keep_inputs": false, "proxystore_name": "file", "proxystore_config": {"name": "file", "connector_type": "proxystore.connectors.file.FileConnector", "connector_config": {"store_dir": "/home/jgpaul/workspace-polaris/deepdrivemd/runs/experiment-190324-202832/proxy-store", "clear": true}, "serializer": null, "deserializer": null, "cache_size": 16, "metrics": false}, "proxystore_threshold": 10000}
{"task_id": "95c8fe62-ffd2-4926-9ac2-f63aaedda823", "method": "run_train", "success": true, "task_info": {}, "resources": {"node_count": 1, "cpu_processes": 1, "cpu_threads": 1}, "failure_info": null, "worker_info": {"hostname": "x3003c0s25b1n0", "PARSL_WORKER_POOL_ID": "9e2946ac574b", "PARSL_WORKER_RANK": "0"}, "message_sizes": {"inputs": 8659, "value": 799}, "timestamp": {"created": 1710881553.858303, "input_received": 1710881553.859176, "compute_started": 1710881553.873422, "compute_ended": 1710881660.815683, "result_sent": 1710881660.827907, "result_received": 1710881660.828585, "start_task_submission": 1710881553.859242, "task_received": 1710881660.827884}, "time": {"running": 106.94147247300134, "serialize_inputs": 0.00011711999832186848, "deserialize_inputs": 0.0007192589982878417, "serialize_results": 0.0001436589955119416, "deserialize_results": 6.805700832046568e-05, "async_resolve_proxies": 5.972004146315157e-06, "proxy": {}, "additional": {}}, "serialization_method": "pickle", "keep_inputs": false, "proxystore_name": "file", "proxystore_config": {"name": "file", "connector_type": "proxystore.connectors.file.FileConnector", "connector_config": {"store_dir": "/home/jgpaul/workspace-polaris/deepdrivemd/runs/experiment-190324-202832/proxy-store", "clear": true}, "serializer": null, "deserializer": null, "cache_size": 16, "metrics": false}, "proxystore_threshold": 10000}
{"task_id": "94fdba95-2d4c-4594-83f2-821c310d3b86", "method": "run_train", "success": true, "task_info": {}, "resources": {"node_count": 1, "cpu_processes": 1, "cpu_threads": 1}, "failure_info": null, "worker_info": {"hostname": "x3003c0s25b1n0", "PARSL_WORKER_POOL_ID": "9e2946ac574b", "PARSL_WORKER_RANK": "2"}, "message_sizes": {"inputs": 15961, "value": 799}, "timestamp": {"created": 1710882262.185794, "input_received": 1710882262.190423, "compute_started": 1710882262.19827, "compute_ended": 1710882424.009751, "result_sent": 1710882424.022809, "result_received": 1710882424.023511, "start_task_submission": 1710882262.190562, "task_received": 1710882424.022782}, "time": {"running": 161.81115335399227, "serialize_inputs": 0.004145654995227233, "deserialize_inputs": 4.754900874104351e-05, "serialize_results": 0.000713547007762827, "deserialize_results": 5.850999150425196e-05, "async_resolve_proxies": 0.00020071599283255637, "proxy": {"FileKey(filename='bd160865-2403-40dc-a4b9-492668dcab14')": {}}, "additional": {}}, "serialization_method": "pickle", "keep_inputs": false, "proxystore_name": "file", "proxystore_config": {"name": "file", "connector_type": "proxystore.connectors.file.FileConnector", "connector_config": {"store_dir": "/home/jgpaul/workspace-polaris/deepdrivemd/runs/experiment-190324-202832/proxy-store", "clear": true}, "serializer": null, "deserializer": null, "cache_size": 16, "metrics": false}, "proxystore_threshold": 10000}
{"task_id": "91e0e623-ac7b-43f4-bb76-b69caac4cc2b", "method": "run_train", "success": true, "task_info": {}, "resources": {"node_count": 1, "cpu_processes": 1, "cpu_threads": 1}, "failure_info": null, "worker_info": {"hostname": "x3003c0s31b0n0", "PARSL_WORKER_POOL_ID": "c9d1f77b0787", "PARSL_WORKER_RANK": "1"}, "message_sizes": {"inputs": 24445, "value": 799}, "timestamp": {"created": 1710882990.118989, "input_received": 1710882990.122849, "compute_started": 1710882990.130816, "compute_ended": 1710883235.814471, "result_sent": 1710883235.827603, "result_received": 1710883235.828481, "start_task_submission": 1710882990.122946, "task_received": 1710883235.827566}, "time": {"running": 245.68334713799413, "serialize_inputs": 0.0035261519951745868, "deserialize_inputs": 4.5034001232124865e-05, "serialize_results": 0.0007316349947359413, "deserialize_results": 6.909899821039289e-05, "async_resolve_proxies": 0.0001820600009523332, "proxy": {"FileKey(filename='30baf0f3-831b-40dd-9a10-604a2ba3bd1f')": {}}, "additional": {}}, "serialization_method": "pickle", "keep_inputs": false, "proxystore_name": "file", "proxystore_config": {"name": "file", "connector_type": "proxystore.connectors.file.FileConnector", "connector_config": {"store_dir": "/home/jgpaul/workspace-polaris/deepdrivemd/runs/experiment-190324-202832/proxy-store", "clear": true}, "serializer": null, "deserializer": null, "cache_size": 16, "metrics": false}, "proxystore_threshold": 10000}
{"task_id": "3a1d49ab-b665-4d30-af55-4f65bbc52ce4", "method": "run_train", "success": true, "task_info": {}, "resources": {"node_count": 1, "cpu_processes": 1, "cpu_threads": 1}, "failure_info": null, "worker_info": {"hostname": "x3206c0s7b1n0", "PARSL_WORKER_POOL_ID": "bac3e8307c09", "PARSL_WORKER_RANK": "3"}, "message_sizes": {"inputs": 31717, "value": 799}, "timestamp": {"created": 1710883705.379234, "input_received": 1710883705.382676, "compute_started": 1710883705.388463, "compute_ended": 1710884027.729905, "result_sent": 1710884027.74634, "result_received": 1710884027.752248, "start_task_submission": 1710883705.38277, "task_received": 1710884027.746304}, "time": {"running": 322.34121745098673, "serialize_inputs": 0.003118288004770875, "deserialize_inputs": 5.398700886871666e-05, "serialize_results": 0.0009651339933043346, "deserialize_results": 0.0011799030035035685, "async_resolve_proxies": 6.655899051111192e-05, "proxy": {"FileKey(filename='f0ead165-e4f1-4766-8108-2c080ce34bbc')": {}}, "additional": {}}, "serialization_method": "pickle", "keep_inputs": false, "proxystore_name": "file", "proxystore_config": {"name": "file", "connector_type": "proxystore.connectors.file.FileConnector", "connector_config": {"store_dir": "/home/jgpaul/workspace-polaris/deepdrivemd/runs/experiment-190324-202832/proxy-store", "clear": true}, "serializer": null, "deserializer": null, "cache_size": 16, "metrics": false}, "proxystore_threshold": 10000}
{"task_id": "d7019d16-8ee7-4aac-924b-e5ab7a2d81ba", "method": "run_train", "success": true, "task_info": {}, "resources": {"node_count": 1, "cpu_processes": 1, "cpu_threads": 1}, "failure_info": null, "worker_info": {"hostname": "x3003c0s25b1n0", "PARSL_WORKER_POOL_ID": "9e2946ac574b", "PARSL_WORKER_RANK": "1"}, "message_sizes": {"inputs": 38989, "value": 799}, "timestamp": {"created": 1710884420.842873, "input_received": 1710884420.846622, "compute_started": 1710884420.866666, "compute_ended": 1710884806.592443, "result_sent": 1710884806.605714, "result_received": 1710884806.606412, "start_task_submission": 1710884420.846703, "task_received": 1710884806.60569}, "time": {"running": 385.724894628991, "serialize_inputs": 0.0034451820101821795, "deserialize_inputs": 0.0007205110014183447,