{"task_id": "9341f520-3123-44eb-b9f0-e37a65a95556", "method": "run_train", "success": true, "task_info": {}, "resources": {"node_count": 1, "cpu_processes": 1, "cpu_threads": 1}, "failure_info": null, "worker_info": {"hostname": "x3005c0s13b1n0", "PARSL_WORKER_RANK": "1", "PARSL_WORKER_POOL_ID": "0991c60c4074"}, "message_sizes": {"inputs": 1819, "value": 799}, "timestamp": {"created": 1710864662.295651, "input_received": 1710864662.29629, "compute_started": 1710864662.30987, "compute_ended": 1710864698.485939, "result_sent": 1710864698.497865, "result_received": 1710864698.498417, "start_task_submission": 1710864662.296445, "task_received": 1710864698.497849}, "time": {"running": 36.175877064000815, "serialize_inputs": 8.378700294997543e-05, "deserialize_inputs": 0.00011992499639745802, "serialize_results": 0.0001541600067866966, "deserialize_results": 6.25079992460087e-05, "async_resolve_proxies": 6.5820058807730675e-06, "proxy": {}, "additional": {}}, "serialization_method": "pickle", "keep_inputs": false, "proxystore_name": "file", "proxystore_config": {"name": "file", "connector_type": "proxystore.connectors.file.FileConnector", "connector_config": {"store_dir": "/home/jgpaul/workspace-polaris/deepdrivemd/runs/experiment-190324-155903/proxy-store", "clear": true}, "serializer": null, "deserializer": null, "cache_size": 16, "metrics": false}, "proxystore_threshold": 10000}
{"task_id": "82fcefc7-7960-49ec-89c6-c32a1f8d099c", "method": "run_train", "success": true, "task_info": {}, "resources": {"node_count": 1, "cpu_processes": 1, "cpu_threads": 1}, "failure_info": null, "worker_info": {"hostname": "x3005c0s13b1n0", "PARSL_WORKER_RANK": "1", "PARSL_WORKER_POOL_ID": "0991c60c4074"}, "message_sizes": {"inputs": 8659, "value": 799}, "timestamp": {"created": 1710865374.333509, "input_received": 1710865374.334026, "compute_started": 1710865374.342271, "compute_ended": 1710865461.591565, "result_sent": 1710865461.603813, "result_received": 1710865461.60459, "start_task_submission": 1710865374.33409, "task_received": 1710865461.603778}, "time": {"running": 87.24852479799301, "serialize_inputs": 0.00010439599282108247, "deserialize_inputs": 0.0006601800123462453, "serialize_results": 9.508900984656066e-05, "deserialize_results": 6.858901178929955e-05, "async_resolve_proxies": 1.0189003660343587e-05, "proxy": {}, "additional": {}}, "serialization_method": "pickle", "keep_inputs": false, "proxystore_name": "file", "proxystore_config": {"name": "file", "connector_type": "proxystore.connectors.file.FileConnector", "connector_config": {"store_dir": "/home/jgpaul/workspace-polaris/deepdrivemd/runs/experiment-190324-155903/proxy-store", "clear": true}, "serializer": null, "deserializer": null, "cache_size": 16, "metrics": false}, "proxystore_threshold": 10000}
{"task_id": "4606ecb1-bf63-4565-ac79-7e97b6a94d6a", "method": "run_train", "success": true, "task_info": {}, "resources": {"node_count": 1, "cpu_processes": 1, "cpu_threads": 1}, "failure_info": null, "worker_info": {"hostname": "x3005c0s1b0n0", "PARSL_WORKER_RANK": "2", "PARSL_WORKER_POOL_ID": "95067deec465"}, "message_sizes": {"inputs": 15961, "value": 799}, "timestamp": {"created": 1710866088.085295, "input_received": 1710866088.090165, "compute_started": 1710866088.100914, "compute_ended": 1710866268.859162, "result_sent": 1710866268.871735, "result_received": 1710866268.872534, "start_task_submission": 1710866088.090313, "task_received": 1710866268.871701}, "time": {"running": 180.75794900399342, "serialize_inputs": 0.004368509005871601, "deserialize_inputs": 4.427200474310666e-05, "serialize_results": 0.00016156199853867292, "deserialize_results": 7.314799586310983e-05, "async_resolve_proxies": 0.0001819099998101592, "proxy": {"FileKey(filename='1a83f9cd-2a14-465e-8a06-dd06f5b7f83e')": {}}, "additional": {}}, "serialization_method": "pickle", "keep_inputs": false, "proxystore_name": "file", "proxystore_config": {"name": "file", "connector_type": "proxystore.connectors.file.FileConnector", "connector_config": {"store_dir": "/home/jgpaul/workspace-polaris/deepdrivemd/runs/experiment-190324-155903/proxy-store", "clear": true}, "serializer": null, "deserializer": null, "cache_size": 16, "metrics": false}, "proxystore_threshold": 10000}
{"task_id": "4513282b-ea83-402c-af67-60c4ad728fcb", "method": "run_train", "success": true, "task_info": {}, "resources": {"node_count": 1, "cpu_processes": 1, "cpu_threads": 1}, "failure_info": null, "worker_info": {"hostname": "x3005c0s13b1n0", "PARSL_WORKER_RANK": "1", "PARSL_WORKER_POOL_ID": "0991c60c4074"}, "message_sizes": {"inputs": 24445, "value": 799}, "timestamp": {"created": 1710866813.17392, "input_received": 1710866813.178434, "compute_started": 1710866813.190833, "compute_ended": 1710867062.298728, "result_sent": 1710867062.311535, "result_received": 1710867062.312329, "start_task_submission": 1710866813.178613, "task_received": 1710867062.3115}, "time": {"running": 249.1075483129971, "serialize_inputs": 0.003899807998095639, "deserialize_inputs": 4.965400148648769e-05, "serialize_results": 0.00016198400408029556, "deserialize_results": 7.607199950143695e-05, "async_resolve_proxies": 0.00021055599790997803, "proxy": {"FileKey(filename='3bd6b1cb-b041-4e21-9b7c-e490757a08ad')": {}}, "additional": {}}, "serialization_method": "pickle", "keep_inputs": false, "proxystore_name": "file", "proxystore_config": {"name": "file", "connector_type": "proxystore.connectors.file.FileConnector", "connector_config": {"store_dir": "/home/jgpaul/workspace-polaris/deepdrivemd/runs/experiment-190324-155903/proxy-store", "clear": true}, "serializer": null, "deserializer": null, "cache_size": 16, "metrics": false}, "proxystore_threshold": 10000}
{"task_id": "20afdca9-01e2-4167-823c-245b1ea796c3", "method": "run_train", "success": true, "task_info": {}, "resources": {"node_count": 1, "cpu_processes": 1, "cpu_threads": 1}, "failure_info": null, "worker_info": {"hostname": "x3005c0s25b0n0", "PARSL_WORKER_RANK": "3", "PARSL_WORKER_POOL_ID": "fc2d760caf54"}, "message_sizes": {"inputs": 31717, "value": 799}, "timestamp": {"created": 1710867521.616351, "input_received": 1710867521.621141, "compute_started": 1710867521.624668, "compute_ended": 1710867848.487058, "result_sent": 1710867848.509332, "result_received": 1710867848.531903, "start_task_submission": 1710867521.62128, "task_received": 1710867848.507928}, "time": {"running": 326.8620344429946, "serialize_inputs": 0.004213726002490148, "deserialize_inputs": 4.686399188358337e-05, "serialize_results": 0.00034389999927952886, "deserialize_results": 7.82470015110448e-05, "async_resolve_proxies": 0.00020652198872994632, "proxy": {"FileKey(filename='b4c9c575-6d1f-4bb6-8e1c-ffb654546040')": {}}, "additional": {}}, "serialization_method": "pickle", "keep_inputs": false, "proxystore_name": "file", "proxystore_config": {"name": "file", "connector_type": "proxystore.connectors.file.FileConnector", "connector_config": {"store_dir": "/home/jgpaul/workspace-polaris/deepdrivemd/runs/experiment-190324-155903/proxy-store", "clear": true}, "serializer": null, "deserializer": null, "cache_size": 16, "metrics": false}, "proxystore_threshold": 10000}
{"task_id": "cefcfde2-5179-465d-98e3-15c4921d33db", "method": "run_train", "success": true, "task_info": {}, "resources": {"node_count": 1, "cpu_processes": 1, "cpu_threads": 1}, "failure_info": null, "worker_info": {"hostname": "x3005c0s31b0n0", "PARSL_WORKER_RANK": "0", "PARSL_WORKER_POOL_ID": "a2e4a4685c15"}, "message_sizes": {"inputs": 38989, "value": 799}, "timestamp": {"created": 1710868230.443686, "input_received": 1710868230.448022, "compute_started": 1710868230.483325, "compute_ended": 1710868643.624873, "result_sent": 1710868643.639916, "result_received": 1710868643.641804, "start_task_submission": 1710868230.44816, "task_received": 1710868643.639879}, "time": {"running": 413.14052738199825, "serialize_inputs": 0.003837252006633207, "deserialize_inputs": 0.0007130759913707152,