{"task_id": "e463a78f-36d0-4c19-b6f2-fbb3772d2337", "method": "run_train", "success": true, "task_info": {}, "resources": {"node_count": 1, "cpu_processes": 1, "cpu_threads": 1}, "failure_info": null, "worker_info": {"hostname": "x3005c0s19b0n0", "PARSL_WORKER_POOL_ID": "1057b0b63440", "PARSL_WORKER_RANK": "0"}, "message_sizes": {"inputs": 1819, "value": 799}, "timestamp": {"created": 1711117049.093003, "input_received": 1711117049.093791, "compute_started": 1711117049.107849, "compute_ended": 1711117086.492065, "result_sent": 1711117086.504581, "result_received": 1711117086.505155, "start_task_submission": 1711117049.093865, "task_received": 1711117086.504543}, "time": {"running": 37.38401839294238, "serialize_inputs": 4.39999857917428e-05, "deserialize_inputs": 0.0001222889986820519, "serialize_results": 0.0002690550172701478, "deserialize_results": 5.3359020967036486e-05, "async_resolve_proxies": 7.564027328044176e-06, "proxy": {}, "additional": {}}, "serialization_method": "pickle", "keep_inputs": false, "proxystore_name": "file", "proxystore_config": {"name": "file", "connector_type": "proxystore.connectors.file.FileConnector", "connector_config": {"store_dir": "/home/jgpaul/workspace-polaris/deepdrivemd/runs/experiment-220324-140525/proxy-store", "clear": true}, "serializer": null, "deserializer": null, "cache_size": 16, "metrics": false}, "proxystore_threshold": 10000}
{"task_id": "640c8b52-c946-40b9-9a44-cd6673ad047d", "method": "run_train", "success": true, "task_info": {}, "resources": {"node_count": 1, "cpu_processes": 1, "cpu_threads": 1}, "failure_info": null, "worker_info": {"hostname": "x3005c0s13b1n0", "PARSL_WORKER_POOL_ID": "1df5d75a4e5e", "PARSL_WORKER_RANK": "1"}, "message_sizes": {"inputs": 8659, "value": 799}, "timestamp": {"created": 1711117764.187618, "input_received": 1711117764.188418, "compute_started": 1711117764.203219, "compute_ended": 1711117873.216176, "result_sent": 1711117873.228577, "result_received": 1711117873.229658, "start_task_submission": 1711117764.188585, "task_received": 1711117873.228535}, "time": {"running": 109.01216873299563, "serialize_inputs": 0.00016601296374574304, "deserialize_inputs": 0.0007209029863588512, "serialize_results": 0.0002487670280970633, "deserialize_results": 7.403100607916713e-05, "async_resolve_proxies": 5.450041498988867e-06, "proxy": {}, "additional": {}}, "serialization_method": "pickle", "keep_inputs": false, "proxystore_name": "file", "proxystore_config": {"name": "file", "connector_type": "proxystore.connectors.file.FileConnector", "connector_config": {"store_dir": "/home/jgpaul/workspace-polaris/deepdrivemd/runs/experiment-220324-140525/proxy-store", "clear": true}, "serializer": null, "deserializer": null, "cache_size": 16, "metrics": false}, "proxystore_threshold": 10000}
{"task_id": "35cb147b-ad33-4102-83e4-2911f880bdf8", "method": "run_train", "success": true, "task_info": {}, "resources": {"node_count": 1, "cpu_processes": 1, "cpu_threads": 1}, "failure_info": null, "worker_info": {"hostname": "x3005c0s1b0n0", "PARSL_WORKER_POOL_ID": "9b759dd2a8da", "PARSL_WORKER_RANK": "0"}, "message_sizes": {"inputs": 15961, "value": 799}, "timestamp": {"created": 1711118481.178752, "input_received": 1711118481.183313, "compute_started": 1711118481.194663, "compute_ended": 1711118661.581712, "result_sent": 1711118661.594967, "result_received": 1711118661.595895, "start_task_submission": 1711118481.183425, "task_received": 1711118661.594922}, "time": {"running": 180.3867366219638, "serialize_inputs": 0.004219797032419592, "deserialize_inputs": 4.314095713198185e-05, "serialize_results": 0.000210553000215441, "deserialize_results": 7.277500117197633e-05, "async_resolve_proxies": 0.00019458401948213577, "proxy": {"FileKey(filename='908f55fb-cfee-4443-a628-a34ceacc02ee')": {}}, "additional": {}}, "serialization_method": "pickle", "keep_inputs": false, "proxystore_name": "file", "proxystore_config": {"name": "file", "connector_type": "proxystore.connectors.file.FileConnector", "connector_config": {"store_dir": "/home/jgpaul/workspace-polaris/deepdrivemd/runs/experiment-220324-140525/proxy-store", "clear": true}, "serializer": null, "deserializer": null, "cache_size": 16, "metrics": false}, "proxystore_threshold": 10000}
{"task_id": "ea969835-e137-409a-aec7-8dac8455b832", "method": "run_train", "success": true, "task_info": {}, "resources": {"node_count": 1, "cpu_processes": 1, "cpu_threads": 1}, "failure_info": null, "worker_info": {"hostname": "x3005c0s1b0n0", "PARSL_WORKER_POOL_ID": "9b759dd2a8da", "PARSL_WORKER_RANK": "3"}, "message_sizes": {"inputs": 24445, "value": 799}, "timestamp": {"created": 1711119205.528274, "input_received": 1711119205.532878, "compute_started": 1711119205.54043, "compute_ended": 1711119448.308204, "result_sent": 1711119448.321623, "result_received": 1711119448.322584, "start_task_submission": 1711119205.532974, "task_received": 1711119448.321579}, "time": {"running": 242.76744610001333, "serialize_inputs": 0.004302560002543032, "deserialize_inputs": 4.487403202801943e-05, "serialize_results": 0.0008872679900377989, "deserialize_results": 6.718700751662254e-05, "async_resolve_proxies": 0.00020215800032019615, "proxy": {"FileKey(filename='eea280d8-25fd-454c-815a-f2f9a5b8e7a3')": {}}, "additional": {}}, "serialization_method": "pickle", "keep_inputs": false, "proxystore_name": "file", "proxystore_config": {"name": "file", "connector_type": "proxystore.connectors.file.FileConnector", "connector_config": {"store_dir": "/home/jgpaul/workspace-polaris/deepdrivemd/runs/experiment-220324-140525/proxy-store", "clear": true}, "serializer": null, "deserializer": null, "cache_size": 16, "metrics": false}, "proxystore_threshold": 10000}
{"task_id": "45853257-ddb0-4f58-bbfa-2b7670c070a6", "method": "run_train", "success": true, "task_info": {}, "resources": {"node_count": 1, "cpu_processes": 1, "cpu_threads": 1}, "failure_info": null, "worker_info": {"hostname": "x3004c0s13b0n0", "PARSL_WORKER_POOL_ID": "0a0f4d70786e", "PARSL_WORKER_RANK": "1"}, "message_sizes": {"inputs": 31717, "value": 799}, "timestamp": {"created": 1711119918.682155, "input_received": 1711119918.686845, "compute_started": 1711119918.697458, "compute_ended": 1711120256.500649, "result_sent": 1711120256.526195, "result_received": 1711120256.561001, "start_task_submission": 1711119918.686937, "task_received": 1711120256.524641}, "time": {"running": 337.8028584640124, "serialize_inputs": 0.00436129595618695, "deserialize_inputs": 4.490802530199289e-05, "serialize_results": 0.0013830569805577397, "deserialize_results": 0.0016777229611761868, "async_resolve_proxies": 0.00019136402988806367, "proxy": {"FileKey(filename='c8014300-b856-4fb1-8c29-01eba61721a9')": {}}, "additional": {}}, "serialization_method": "pickle", "keep_inputs": false, "proxystore_name": "file", "proxystore_config": {"name": "file", "connector_type": "proxystore.connectors.file.FileConnector", "connector_config": {"store_dir": "/home/jgpaul/workspace-polaris/deepdrivemd/runs/experiment-220324-140525/proxy-store", "clear": true}, "serializer": null, "deserializer": null, "cache_size": 16, "metrics": false}, "proxystore_threshold": 10000}
{"task_id": "39dbf469-c1bc-4b6c-a659-6534ce91fef3", "method": "run_train", "success": true, "task_info": {}, "resources": {"node_count": 1, "cpu_processes": 1, "cpu_threads": 1}, "failure_info": null, "worker_info": {"hostname": "x3005c0s1b0n0", "PARSL_WORKER_POOL_ID": "9b759dd2a8da", "PARSL_WORKER_RANK": "3"}, "message_sizes": {"inputs": 38989, "value": 799}, "timestamp": {"created": 1711120634.293511, "input_received": 1711120634.298733, "compute_started": 1711120634.30976, "compute_ended": 1711121022.940389, "result_sent": 1711121022.953794, "result_received": 1711121022.954537, "start_task_submission": 1711120634.298823, "task_received": 1711121022.953764}, "time": {"running": 388.6299055730342, "serialize_inputs": 0.004918491002172232, "deserialize_inputs": 0.0005666809738613665,