{"task_id": "d7e10121-c138-4876-9a1c-5a84b528ef28", "method": "run_train", "success": true, "task_info": {}, "resources": {"node_count": 1, "cpu_processes": 1, "cpu_threads": 1}, "failure_info": null, "worker_info": {"hostname": "x3002c0s13b1n0", "PARSL_WORKER_POOL_ID": "ad67d1e738b5", "PARSL_WORKER_RANK": "2"}, "message_sizes": {"inputs": 1819, "value": 799}, "timestamp": {"created": 1710995462.453478, "input_received": 1710995462.454036, "compute_started": 1710995462.469223, "compute_ended": 1710995501.026721, "result_sent": 1710995501.039178, "result_received": 1710995501.039886, "start_task_submission": 1710995462.454107, "task_received": 1710995501.039141}, "time": {"running": 38.557312419987284, "serialize_inputs": 8.084200089797378e-05, "deserialize_inputs": 0.00011691398685798049, "serialize_results": 0.0002804799878504127, "deserialize_results": 6.720700184814632e-05, "async_resolve_proxies": 8.450995665043592e-06, "proxy": {}, "additional": {}}, "serialization_method": "pickle", "keep_inputs": false, "proxystore_name": "file", "proxystore_config": {"name": "file", "connector_type": "proxystore.connectors.file.FileConnector", "connector_config": {"store_dir": "/home/jgpaul/workspace-polaris/deepdrivemd/runs/experiment-210324-041858/proxy-store", "clear": true}, "serializer": null, "deserializer": null, "cache_size": 16, "metrics": false}, "proxystore_threshold": 10000}
{"task_id": "10a6105c-10aa-4af7-bdad-1073206c9735", "method": "run_train", "success": true, "task_info": {}, "resources": {"node_count": 1, "cpu_processes": 1, "cpu_threads": 1}, "failure_info": null, "worker_info": {"hostname": "x3002c0s13b0n0", "PARSL_WORKER_POOL_ID": "19cb43a43b13", "PARSL_WORKER_RANK": "2"}, "message_sizes": {"inputs": 8659, "value": 799}, "timestamp": {"created": 1710996183.50899, "input_received": 1710996183.50947, "compute_started": 1710996183.52486, "compute_ended": 1710996290.295044, "result_sent": 1710996290.307598, "result_received": 1710996290.308356, "start_task_submission": 1710996183.50954, "task_received": 1710996290.307569}, "time": {"running": 106.76943612998002, "serialize_inputs": 9.823500295169652e-05, "deserialize_inputs": 0.0006742730038240552, "serialize_results": 0.00010312299127690494, "deserialize_results": 6.668499554507434e-05, "async_resolve_proxies": 5.811016308143735e-06, "proxy": {}, "additional": {}}, "serialization_method": "pickle", "keep_inputs": false, "proxystore_name": "file", "proxystore_config": {"name": "file", "connector_type": "proxystore.connectors.file.FileConnector", "connector_config": {"store_dir": "/home/jgpaul/workspace-polaris/deepdrivemd/runs/experiment-210324-041858/proxy-store", "clear": true}, "serializer": null, "deserializer": null, "cache_size": 16, "metrics": false}, "proxystore_threshold": 10000}
{"task_id": "b9c2cec3-5c2b-49b8-becd-617cbbe5f609", "method": "run_train", "success": true, "task_info": {}, "resources": {"node_count": 1, "cpu_processes": 1, "cpu_threads": 1}, "failure_info": null, "worker_info": {"hostname": "x3002c0s19b0n0", "PARSL_WORKER_POOL_ID": "c3208ab9562d", "PARSL_WORKER_RANK": "3"}, "message_sizes": {"inputs": 15961, "value": 799}, "timestamp": {"created": 1710996893.514349, "input_received": 1710996893.518721, "compute_started": 1710996893.529942, "compute_ended": 1710997074.000815, "result_sent": 1710997074.013833, "result_received": 1710997074.014566, "start_task_submission": 1710996893.518804, "task_received": 1710997074.013809}, "time": {"running": 180.4705623530026, "serialize_inputs": 0.004043594992253929, "deserialize_inputs": 4.363202606327832e-05, "serialize_results": 0.0006910039810463786, "deserialize_results": 7.048199768178165e-05, "async_resolve_proxies": 0.00019077700562775135, "proxy": {"FileKey(filename='7d771fdf-04db-419e-ae5a-bb12414d2355')": {}}, "additional": {}}, "serialization_method": "pickle", "keep_inputs": false, "proxystore_name": "file", "proxystore_config": {"name": "file", "connector_type": "proxystore.connectors.file.FileConnector", "connector_config": {"store_dir": "/home/jgpaul/workspace-polaris/deepdrivemd/runs/experiment-210324-041858/proxy-store", "clear": true}, "serializer": null, "deserializer": null, "cache_size": 16, "metrics": false}, "proxystore_threshold": 10000}
{"task_id": "302dd50d-d35a-4969-b6d4-be588b84ac05", "method": "run_train", "success": true, "task_info": {}, "resources": {"node_count": 1, "cpu_processes": 1, "cpu_threads": 1}, "failure_info": null, "worker_info": {"hostname": "x3001c0s31b0n0", "PARSL_WORKER_POOL_ID": "723924468ffb", "PARSL_WORKER_RANK": "1"}, "message_sizes": {"inputs": 24445, "value": 799}, "timestamp": {"created": 1710997617.888975, "input_received": 1710997617.892766, "compute_started": 1710997617.904601, "compute_ended": 1710997894.081828, "result_sent": 1710997894.095078, "result_received": 1710997894.095826, "start_task_submission": 1710997617.892864, "task_received": 1710997894.095055}, "time": {"running": 276.17689735098975, "serialize_inputs": 0.0034543089859653264, "deserialize_inputs": 4.5396998757496476e-05, "serialize_results": 0.0008577229746151716, "deserialize_results": 7.649400504305959e-05, "async_resolve_proxies": 0.0001991880126297474, "proxy": {"FileKey(filename='ada0e1ce-2c17-4f0a-8acf-f8e409255a3a')": {}}, "additional": {}}, "serialization_method": "pickle", "keep_inputs": false, "proxystore_name": "file", "proxystore_config": {"name": "file", "connector_type": "proxystore.connectors.file.FileConnector", "connector_config": {"store_dir": "/home/jgpaul/workspace-polaris/deepdrivemd/runs/experiment-210324-041858/proxy-store", "clear": true}, "serializer": null, "deserializer": null, "cache_size": 16, "metrics": false}, "proxystore_threshold": 10000}
{"task_id": "4b77b943-987b-4c13-8140-71d1e72183f0", "method": "run_train", "success": true, "task_info": {}, "resources": {"node_count": 1, "cpu_processes": 1, "cpu_threads": 1}, "failure_info": null, "worker_info": {"hostname": "x3001c0s7b0n0", "PARSL_WORKER_POOL_ID": "e8aea5fb073f", "PARSL_WORKER_RANK": "3"}, "message_sizes": {"inputs": 31717, "value": 799}, "timestamp": {"created": 1710998339.005957, "input_received": 1710998339.010719, "compute_started": 1710998339.021862, "compute_ended": 1710998681.235889, "result_sent": 1710998681.253552, "result_received": 1710998681.267164, "start_task_submission": 1710998339.010819, "task_received": 1710998681.253501}, "time": {"running": 342.2137121350097, "serialize_inputs": 0.004148200008785352, "deserialize_inputs": 4.359200829640031e-05, "serialize_results": 0.0016124499961733818, "deserialize_results": 6.581400521099567e-05, "async_resolve_proxies": 0.00018430600175634027, "proxy": {"FileKey(filename='21c24d35-4f32-4b65-9af0-526daee2ee2c')": {}}, "additional": {}}, "serialization_method": "pickle", "keep_inputs": false, "proxystore_name": "file", "proxystore_config": {"name": "file", "connector_type": "proxystore.connectors.file.FileConnector", "connector_config": {"store_dir": "/home/jgpaul/workspace-polaris/deepdrivemd/runs/experiment-210324-041858/proxy-store", "clear": true}, "serializer": null, "deserializer": null, "cache_size": 16, "metrics": false}, "proxystore_threshold": 10000}
{"task_id": "6e32a7f6-9c6a-4893-9eaf-033f77544f1a", "method": "run_train", "success": true, "task_info": {}, "resources": {"node_count": 1, "cpu_processes": 1, "cpu_threads": 1}, "failure_info": null, "worker_info": {"hostname": "x3001c0s7b0n0", "PARSL_WORKER_POOL_ID": "e8aea5fb073f", "PARSL_WORKER_RANK": "3"}, "message_sizes": {"inputs": 38989, "value": 799}, "timestamp": {"created": 1710999054.830538, "input_received": 1710999054.836032, "compute_started": 1710999054.850153, "compute_ended": 1710999451.844458, "result_sent": 1710999451.857435, "result_received": 1710999451.858162, "start_task_submission": 1710999054.836116, "task_received": 1710999451.85741}, "time": {"running": 396.9930752060027, "serialize_inputs": 0.0051449500024318695, "deserialize_inputs": 0.001051455008564517,